"sample_id"	"Biome"	"chirps"	"ppt"	"tmax"	"tmean"	"tmin"	"vpdmax"	"vpdmin"	"aws0_30"	"pwsl1pomu"	"rootznemc"	"soc0_30"	"droughty"	"Acaulospora"	"Ambispora"	"Cetraspora"	"Diversispora"	"Funneliformis"	"Gigaspora"	"Glomus"	"Paraglomus"	"Septoglomus"
"MAPS_2019_EKS_A01_S005"	"anthropogenic"	1010.17450732711	1001.75791325041	19.1598652136606	13.178972893495	7.19827879981472	14.3658832892524	1.31681487990119	56.5048231354523	1	149.7758475	5862.85520500001	0	0	0	0	0	0	0	0	0	0
"MAPS_2019_EKS_N01_S005"	"grassland"	1020.30206298828	1032.61397768351	19.2980025577713	13.3404196294058	7.37735551080842	14.2263216419257	1.2867422590253	56.8034265193177	NA	128.5293275	6441.49290000001	0	0	1	0	0	0	0	0	0	0
"MAPS_2019_EKS_P01_S005"	"anthropogenic"	1020.30206298828	1032.61397768351	19.2980025577713	13.3404196294058	7.37735551080842	14.2263216419257	1.2867422590253	56.8034265193177	NA	128.5293275	6441.49290000001	0	0	0	0	1	0	0	0	1	1
"MAPS_2019_HAY_A01_S005"	"anthropogenic"	605.324401855469	612.178581561374	19.6272407185812	12.3427580606473	5.05564608024919	17.8004099841673	1.52995006931323	62.4618060136509	2.5633029399867	150	3891.7341975	0	0	0	0	0	0	0	1	1	1
"MAPS_2019_HAY_N01_S005"	"grassland"	605.324401855469	612.349903362129	19.6250552070112	12.3482686782205	5.06482077288168	17.7960515338686	1.51999998092651	64.5024366000367	2.15676456017174	150	4185.13046500001	0	0	0	0	0	0	0	1	0	0
"MAPS_2019_HAY_P01_S005"	"anthropogenic"	598.915981153914	612.737410512767	19.6236554043752	12.3521419080001	5.07737879691223	17.790070089247	1.53270383488517	61.3072318368816	2.21177926648256	150	5428.95890499999	0	0	0	0	0	0	0	0	0	0
"MAPS_2019_KNZ_A01_S005"	"anthropogenic"	910.144932169101	867.080557503011	19.2170464935654	12.7391729875294	6.26436327649647	15.4597283088756	1.39280097329079	51.0235927124119	1	100.1941	5505.8821075	1	0	0	0	0	0	0	0	0	1
"MAPS_2019_KNZ_N01_S005"	"grassland"	915.690002441406	863.397708993619	19.2533118170113	12.7884788043897	6.31756168361009	15.5100052546194	1.41604235532826	57.4216441147995	1	120.70298	6156.84713	0	0	0	0	0	0	0	0	1	0
"MAPS_2019_KNZ_P01_S005"	"anthropogenic"	915.690002441406	863.397708993619	19.2533118170113	12.7884788043897	6.31756168361009	15.5100052546194	1.41604235532826	57.4216441147995	1	120.70298	6156.84713	0	0	0	0	1	0	0	0	1	1
"MAPS_2019_LVN_N01_S005"	"grassland"	1016.3466796875	1021.94502397112	18.2276585928094	12.5537737862069	6.87395953528389	13.1384042026804	1.32059167213858	51.9269286916542	1	150	6468.36892249999	0	0	0	0	0	0	0	0	0	0
"MAPS_2019_LVN_P01_S005"	"anthropogenic"	1018.07940673828	1010.5933087911	18.2659372649107	12.5759119128417	6.88424138039827	13.2089388183775	1.31438115595127	45.994064931488	1	139.657937499999	6673.46564250002	0	0	0	0	0	0	0	0	1	0
"MAPS_2019_RKS_A01_S005"	"anthropogenic"	638.086669921875	648.211464951062	19.3918708566907	11.985904799207	4.58123630915884	17.6233698512837	1.37000000476837	65.611372047863	3	150	4440.05024	0	0	0	0	0	0	0	0	0	0
"MAPS_2019_RKS_N01_S005"	"grassland"	643.282829601277	660.418836716459	19.4244333875762	12.0539258264706	4.67836254791245	17.6252167152974	1.38433318422395	53.5555396930409	1	99.6890125000002	3675.2138575	0	0	0	0	0	0	0	0	0	0
"MAPS_2019_RKS_P01_S005"	"anthropogenic"	640.042236328125	656.989652732176	19.4196653706785	12.0392752579077	4.66011346765843	17.6319505191309	1.38020229556847	48.5132438714792	1	125.5386025	4009.3705725	0	0	0	0	0	0	0	0	0	0
"MAPS_2019_SVR_A01_S005"	"anthropogenic"	502.984161376953	509.28708586371	19.9057575979857	11.6945947419474	3.48875360420727	19.5514830086751	1.29999995231628	62.8885985462951	1.22599821587873	141.035519999999	3451.87155749998	0	0	0	0	0	0	0	0	0	0
"MAPS_2019_SVR_N01_S005"	"grassland"	502.984161376953	509.28708586371	19.9057575979857	11.6945947419474	3.48875360420727	19.5514830086751	1.29999995231628	62.8885985462951	1.22599821587873	141.035519999999	3451.87155749998	0	0	0	0	1	0	0	0	0	0
"MAPS_2019_SVR_P01_S005"	"anthropogenic"	501.17796615778	508.559695461052	19.9727977566344	11.7691589663049	3.56396454333416	19.6249242215612	1.30848750497012	56.2252386517049	1	150	3042.60742999993	0	0	0	0	0	0	0	1	1	1
"MAPS_2019_SVR_X01_S005"	"anthropogenic"	495.372185675827	506.602520621211	19.9093213744858	11.6780158761252	3.4433929901569	19.5871333954391	1.2900219651026	62.2841459985064	1	131.1584	3136.54505	0	0	0	0	0	0	0	0	1	1
"MAPS_2019_TLI_A01_S005"	"anthropogenic"	824.826496710059	793.297181568776	19.803396667367	13.2482208318215	6.69641612427448	16.9299742224849	1.67772152531089	59.2705337066842	NA	150	5516.94597499999	0	0	0	0	0	0	0	0	0	0
"MAPS_2019_TLI_N01_S005"	"grassland"	797.335388183594	819.932674294255	19.7816767283285	13.3137927294868	6.84502903411688	16.8372173630759	1.65151925931031	63.6711339322091	1.40025744738385	150	6300.85231500001	0	0	0	0	0	0	0	0	0	0
"MAPS_2019_TLI_P01_S005"	"anthropogenic"	816.914367675781	792.301272204334	19.8186486298042	13.3006837142279	6.77830218889828	16.9706842526499	1.76291916040151	58.1748577215957	46.2645135220111	142.362350516197	5493.09285193899	0	0	0	0	0	0	0	0	0	0
"MAPS_2019_TRB_A01_S005"	"anthropogenic"	437.196105957031	467.872324357433	19.6774440164371	11.4299993515015	3.18458459290866	19.5487564377453	1.36000001430511	60.500677053318	2	150	3355.2208	0	0	0	0	0	0	0	0	0	0
"MAPS_2019_TRB_N01_S005"	"grassland"	437.196105957031	467.872324357433	19.6774440164371	11.4299993515015	3.18458459290866	19.5487564377453	1.36000001430511	60.500677053318	2	150	3355.2208	0	0	0	0	0	0	0	0	0	0
"MAPS_2019_TRB_P01_S005"	"anthropogenic"	437.196105957031	467.872324357433	19.6774440164371	11.4299993515015	3.18458459290866	19.5487564377453	1.36000001430511	60.500677053318	2	150	3355.2208	0	0	0	0	0	0	0	0	0	0
"MAPS_2021_HNC_A01_S005"	"anthropogenic"	761.140014648438	751.461576195198	19.6382154874224	12.7628304710177	5.88944177032889	17.1754215860784	1.53482563545303	57.9370218309212	1	133.52097	5059.3498625	0	0	0	0	0	0	0	0	0	0
"MAPS_2021_HNC_P01_S005"	"anthropogenic"	721.748094682097	722.333612407703	19.5800295537211	12.7829935557378	5.98701279435598	16.9805485161481	1.52692302640756	55.5720458813667	1	145.19481	6364.23166749999	0	0	0	0	0	0	0	0	0	0
"MAPS_2021_JEF_A01_S005"	"anthropogenic"	960.923828125	965.487425964307	18.5517253916512	12.5172754759757	6.48514185925621	13.9884278772372	1.25406219504284	54.0458130325031	1	112.436195	6577.5195475	0	0	0	0	0	0	0	0	0	0
"MAPS_2021_JEF_N01_S005"	"grassland"	984.091125488281	983.667961591221	18.4484593636545	12.667315097616	6.88616941927274	13.6489614617751	1.27108201132414	45.886999391222	47.9085280607184	94.8285024999999	7760.169975	1	0	0	0	0	0	0	0	0	0
"MAPS_2021_JEF_P01_S005"	"anthropogenic"	980.755102211673	983.706268099163	18.4454869122446	12.6618311712066	6.87628640414457	13.6282253038122	1.26861826508764	46.8648619218255	90	102.7795925	7793.5815325	1	0	0	0	0	0	0	0	1	1
"MAPS_2021_LGN_P01_S005"	"anthropogenic"	511.91015625	538.264507129157	19.0153721372124	10.9304686420923	2.8456197967055	18.6545789746339	1.11000001430511	59.8169130734253	1.56040017381815	146.449919999998	2570.28096249999	0	0	0	0	0	0	0	0	0	0
"h10"	"anthropogenic"	1020.30206298828	1032.61397768351	19.2980025577713	13.3404196294058	7.37735551080842	14.2263216419257	1.2867422590253	56.8034265193177	NA	128.5293275	6441.49290000001	0	1	1	0	1	1	0	0	1	1
"h100"	"anthropogenic"	903.911926269531	849.281462005907	19.0995940867245	12.7944291593414	6.4879364403602	15.1549188183603	1.3965423727359	58.9561682419777	85.4707200000023	132.148553574549	5916.81248634417	0	0	0	0	0	0	0	1	0	0
"h103"	"grassland"	904.076130259205	851.926922118054	18.8478278541793	12.62160108436	6.39317533783912	14.7445536255932	1.37000000476837	59.2682662259673	1	130.775106706434	6279.80419817737	0	0	0	0	0	0	0	0	0	1
"h104"	"anthropogenic"	903.911926269531	849.281462005907	19.0995940867245	12.7944291593414	6.4879364403602	15.1549188183603	1.3965423727359	58.9561682419777	85.4707200000023	132.148553574549	5916.81248634417	0	0	0	0	1	1	0	0	0	1
"h105"	"anthropogenic"	903.911926269531	849.281462005907	19.0995940867245	12.7944291593414	6.4879364403602	15.1549188183603	1.3965423727359	58.9561682419777	85.4707200000023	132.148553574549	5916.81248634417	0	0	0	0	1	0	0	1	0	1
"h107"	"anthropogenic"	916.291809082031	845.461866798687	18.9110930924458	12.640715317633	6.37467336669157	14.8920213335955	1.3798999786377	54.9927357139206	1	119.743030064674	5972.05949571753	0	0	0	0	1	0	0	1	0	0
"h108"	"anthropogenic"	916.291809082031	845.461866798687	18.9110930924458	12.640715317633	6.37467336669157	14.8920213335955	1.3798999786377	54.9927357139206	1	119.743030064674	5972.05949571753	0	0	0	0	0	0	0	1	0	0
"h11"	"anthropogenic"	906.660779758106	865.511703315134	19.2199795463119	12.7367076179697	6.25895367024085	15.4918562169288	1.40776813531336	48.25606014328	1	71.2754475	5604.760265	1	1	1	0	1	0	0	1	0	1
"h111"	"anthropogenic"	903.911926269531	849.281462005907	19.0995940867245	12.7944291593414	6.4879364403602	15.1549188183603	1.3965423727359	58.9561682419777	85.4707200000023	132.148553574549	5916.81248634417	0	0	0	0	0	0	0	1	0	1
"h112"	"grassland"	904.076130259205	851.926922118054	18.8478278541793	12.62160108436	6.39317533783912	14.7445536255932	1.37000000476837	59.2682662259673	1	130.775106706434	6279.80419817737	0	0	0	0	1	1	0	0	1	1
"h115"	"anthropogenic"	916.291809082031	845.461866798687	18.9110930924458	12.640715317633	6.37467336669157	14.8920213335955	1.3798999786377	54.9927357139206	1	119.743030064674	5972.05949571753	0	0	0	0	0	1	0	0	0	1
"h116"	"anthropogenic"	916.291809082031	845.461866798687	18.9110930924458	12.640715317633	6.37467336669157	14.8920213335955	1.3798999786377	54.9927357139206	1	119.743030064674	5972.05949571753	0	0	0	0	0	0	0	1	0	1
"h117"	"grassland"	904.076130259205	851.926922118054	18.8478278541793	12.62160108436	6.39317533783912	14.7445536255932	1.37000000476837	59.2682662259673	1	130.775106706434	6279.80419817737	0	0	0	0	0	1	0	1	0	1
"h118"	"anthropogenic"	916.291809082031	845.461866798687	18.9110930924458	12.640715317633	6.37467336669157	14.8920213335955	1.3798999786377	54.9927357139206	1	119.743030064674	5972.05949571753	0	0	0	0	0	0	0	1	0	1
"h119"	"anthropogenic"	989.040334524344	995.4526799522	16.7407294299863	11.0340998872982	5.33082139154714	11.9095962789903	0.75	56.9169703165913	47.2821374999991	142.0283725	9717.34585000003	0	0	0	0	1	1	0	1	0	1
"h12"	"anthropogenic"	906.660779758106	865.511703315134	19.2199795463119	12.7367076179697	6.25895367024085	15.4918562169288	1.40776813531336	48.25606014328	1	71.2754475	5604.760265	1	1	0	0	1	0	0	1	1	1
"h120"	"anthropogenic"	989.040334524344	995.4526799522	16.7407294299863	11.0340998872982	5.33082139154714	11.9095962789903	0.75	56.9169703165913	47.2821374999991	142.0283725	9717.34585000003	0	0	0	0	1	1	0	1	1	1
"h121"	"anthropogenic"	986.440490722656	995.505354233966	16.745369664986	11.0369118603042	5.32695061550303	11.9200000762939	0.744819716352078	58.4564111571123	32.3003675000011	138.421625	9598.29830250016	0	0	0	0	1	1	0	1	1	1
"h123"	"grassland"	904.076130259205	851.926922118054	18.8478278541793	12.62160108436	6.39317533783912	14.7445536255932	1.37000000476837	59.2682662259673	1	130.775106706434	6279.80419817737	0	0	0	0	0	1	0	1	0	1
"h124"	"anthropogenic"	903.911926269531	849.281462005907	19.0995940867245	12.7944291593414	6.4879364403602	15.1549188183603	1.3965423727359	58.9561682419777	85.4707200000023	132.148553574549	5916.81248634417	0	0	0	0	0	0	0	1	0	1
"h125"	"grassland"	904.076130259205	851.926922118054	18.8478278541793	12.62160108436	6.39317533783912	14.7445536255932	1.37000000476837	59.2682662259673	1	130.775106706434	6279.80419817737	0	0	0	0	1	0	0	1	0	1
"h13"	"anthropogenic"	728.875484160338	726.854542630537	22.4830974741291	15.5674543365515	8.64495126400413	20.5318557125732	1.89219208809714	47.1158311992264	NA	59.3334000000001	1531.327815	1	1	0	0	1	0	0	1	0	1
"h132"	"anthropogenic"	916.291809082031	845.461866798687	18.9110930924458	12.640715317633	6.37467336669157	14.8920213335955	1.3798999786377	54.9927357139206	1	119.743030064674	5972.05949571753	0	0	0	0	0	0	0	1	0	0
"h133"	"grassland"	904.076130259205	851.926922118054	18.8478278541793	12.62160108436	6.39317533783912	14.7445536255932	1.37000000476837	59.2682662259673	1	130.775106706434	6279.80419817737	0	0	0	0	0	0	0	1	0	1
"h134"	"anthropogenic"	903.911926269531	849.281462005907	19.0995940867245	12.7944291593414	6.4879364403602	15.1549188183603	1.3965423727359	58.9561682419777	85.4707200000023	132.148553574549	5916.81248634417	0	1	0	0	0	1	0	1	0	1
"h135"	"anthropogenic"	986.440490722656	995.505354233966	16.745369664986	11.0369118603042	5.32695061550303	11.9200000762939	0.744819716352078	58.4564111571123	32.3003675000011	138.421625	9598.29830250016	0	0	0	0	0	1	0	0	0	1
"h136"	"grassland"	1006.23034667969	980.306619232392	16.2747634937776	10.6047460188606	4.93814826443756	11.3178625264035	0.736482453400371	40.3016207362653	46.5960752565786	107.093819999999	8906.0386050001	1	1	0	0	1	0	0	1	0	1
"h137"	"grassland"	1006.23034667969	980.306619232392	16.2747634937776	10.6047460188606	4.93814826443756	11.3178625264035	0.736482453400371	40.3016207362653	46.5960752565786	107.093819999999	8906.0386050001	1	0	0	0	1	0	0	1	0	1
"h138"	"grassland"	1001.04461414423	973.705720845989	16.4234301341004	10.7536258419231	5.08362576562917	11.4884878660397	0.758399909072261	43.165299006033	85.9412874999998	144.9090125	12580.2726575	0	0	1	0	1	0	0	1	0	1
"h14"	"anthropogenic"	906.660779758106	865.511703315134	19.2199795463119	12.7367076179697	6.25895367024085	15.4918562169288	1.40776813531336	48.25606014328	1	71.2754475	5604.760265	1	0	0	0	0	1	0	1	1	1
"h140"	"grassland"	1009.70388328301	999.372790191409	16.6550934953518	10.9665240925487	5.28218633352548	11.7904205448122	0.75	53.9727334220029	30.2961887160465	116.973135	8517.16706750002	0	0	0	0	1	0	0	1	0	1
"h141"	"grassland"	1012.00311279297	995.53017455499	16.4307985569466	10.771608713536	5.12079802053914	11.4591891605976	0.740000009536743	41.4484717188167	34.4716499999989	98.2759299999991	9253.68313500009	1	1	1	0	1	1	1	1	0	1
"h142"	"grassland"	1012.00311279297	995.53017455499	16.4307985569466	10.771608713536	5.12079802053914	11.4591891605976	0.740000009536743	41.4484717188167	34.4716499999989	98.2759299999991	9253.68313500009	1	1	0	0	1	1	0	1	0	1
"h16"	"anthropogenic"	1141.52446678963	1151.53664482478	19.5163478105803	13.6479161718695	7.77887300654715	13.8418206983569	1.1843466548562	62.7476688943672	2.26395215572658	112.346720000001	6700.99543499999	0	1	0	1	1	1	1	1	1	1
"h17"	"anthropogenic"	1141.52446678963	1151.53664482478	19.5163478105803	13.6479161718695	7.77887300654715	13.8418206983569	1.1843466548562	62.7476688943672	2.26395215572658	112.346720000001	6700.99543499999	0	1	0	0	1	1	0	1	1	1
"h18"	"anthropogenic"	1148.62890625	1131.05250997642	19.4459602990732	13.4438998831645	7.4453658311616	14.0637980529296	1.15789088014513	58.6101906349659	2	128.8064	5913.0464	0	1	0	1	1	1	0	0	1	1
"h19"	"anthropogenic"	1133.09757395321	1184.61952522614	19.5469840696001	13.542491499425	7.53766539380445	14.1130148241377	1.1485073997751	46.5100382170296	4.2067404895539	145.8016	5405.2106575	1	0	0	0	1	1	0	1	1	1
"h2"	"anthropogenic"	728.875484160338	726.854542630537	22.4830974741291	15.5674543365515	8.64495126400413	20.5318557125732	1.89219208809714	47.1158311992264	NA	59.3334000000001	1531.327815	1	1	1	0	1	1	0	0	1	1
"h20"	"anthropogenic"	1021.611328125	1014.8182131567	16.2287278948949	10.4553140168556	4.68106736639919	11.2197593684593	0.860833504907134	46.1317848544598	NA	150	3054.00452750002	0	0	0	0	1	0	0	1	1	1
"h21"	"anthropogenic"	1021.611328125	1014.8182131567	16.2287278948949	10.4553140168556	4.68106736639919	11.2197593684593	0.860833504907134	46.1317848544598	NA	150	3054.00452750002	0	1	0	0	1	1	1	1	1	1
"h22"	"anthropogenic"	975.866545900933	985.229178776653	18.3420454210365	12.6492318274874	6.95564266383094	13.3704196953014	1.27480103487512	47.2307438427544	328.249274168426	115.408034581564	6414.61079773905	0	1	0	0	1	1	1	1	1	1
"h23"	"anthropogenic"	975.866545900933	985.229178776653	18.3420454210365	12.6492318274874	6.95564266383094	13.3704196953014	1.27480103487512	47.2307438427544	328.249274168426	115.408034581564	6414.61079773905	0	1	0	0	1	1	1	1	1	1
"h24"	"grassland"	730.577026367188	730.061175859863	22.4326379331575	15.551047194953	8.66081350120774	20.4370255347419	1.89765757728896	45.1329101783181	NA	39.5322225	1506.4625075	1	1	0	1	1	1	1	1	1	1
"h25"	"grassland"	730.577026367188	730.061175859863	22.4326379331575	15.551047194953	8.66081350120774	20.4370255347419	1.89765757728896	45.1329101783181	NA	39.5322225	1506.4625075	1	1	0	0	1	1	0	0	1	1
"h26"	"grassland"	730.577026367188	730.061175859863	22.4326379331575	15.551047194953	8.66081350120774	20.4370255347419	1.89765757728896	45.1329101783181	NA	39.5322225	1506.4625075	1	1	0	0	1	1	0	0	1	1
"h27"	"grassland"	730.577026367188	730.061175859863	22.4326379331575	15.551047194953	8.66081350120774	20.4370255347419	1.89765757728896	45.1329101783181	NA	39.5322225	1506.4625075	1	0	0	0	1	1	0	1	1	1
"h28"	"grassland"	730.577026367188	730.061175859863	22.4326379331575	15.551047194953	8.66081350120774	20.4370255347419	1.89765757728896	45.1329101783181	NA	39.5322225	1506.4625075	1	0	0	0	1	1	1	1	1	1
"h29"	"grassland"	730.577026367188	730.061175859863	22.4326379331575	15.551047194953	8.66081350120774	20.4370255347419	1.89765757728896	45.1329101783181	NA	39.5322225	1506.4625075	1	1	0	0	0	1	0	1	1	1
"h3"	"anthropogenic"	728.875484160338	726.854542630537	22.4830974741291	15.5674543365515	8.64495126400413	20.5318557125732	1.89219208809714	47.1158311992264	NA	59.3334000000001	1531.327815	1	1	1	0	1	1	0	0	1	1
"h30"	"grassland"	730.577026367188	730.061175859863	22.4326379331575	15.551047194953	8.66081350120774	20.4370255347419	1.89765757728896	45.1329101783181	NA	39.5322225	1506.4625075	1	0	1	0	1	1	0	1	1	1
"h31"	"grassland"	730.577026367188	730.061175859863	22.4326379331575	15.551047194953	8.66081350120774	20.4370255347419	1.89765757728896	45.1329101783181	NA	39.5322225	1506.4625075	1	1	0	0	1	1	1	1	1	1
"h32"	"grassland"	597.629516601562	612.202437093288	19.6642286429913	12.2939685152812	4.92957354010114	17.9495497184159	1.52665568111382	53.1265892665767	1.27107561486	112.95392	3556.156585	0	1	0	1	1	0	0	1	1	1
"h33"	"grassland"	597.629516601562	612.202437093288	19.6642286429913	12.2939685152812	4.92957354010114	17.9495497184159	1.52665568111382	53.1265892665767	1.27107561486	112.95392	3556.156585	0	1	0	0	1	1	0	1	1	1
"h34"	"grassland"	597.629516601562	612.202437093288	19.6642286429913	12.2939685152812	4.92957354010114	17.9495497184159	1.52665568111382	53.1265892665767	1.27107561486	112.95392	3556.156585	0	1	0	0	0	1	0	1	1	1
"h35"	"grassland"	597.629516601562	612.202437093288	19.6642286429913	12.2939685152812	4.92957354010114	17.9495497184159	1.52665568111382	53.1265892665767	1.27107561486	112.95392	3556.156585	0	0	0	0	1	1	0	1	1	1
"h36"	"grassland"	597.629516601562	612.202437093288	19.6642286429913	12.2939685152812	4.92957354010114	17.9495497184159	1.52665568111382	53.1265892665767	1.27107561486	112.95392	3556.156585	0	0	0	0	1	1	0	1	1	1
"h37"	"grassland"	917.605651855469	879.828644530589	19.0993333828521	12.5732952999842	6.04776794906958	15.340033700702	1.32902543405417	49.9009968887043	1	110.4448	5369.008	1	0	1	0	1	1	1	0	0	1
"h38"	"grassland"	917.605651855469	879.828644530589	19.0993333828521	12.5732952999842	6.04776794906958	15.340033700702	1.32902543405417	49.9009968887043	1	110.4448	5369.008	1	0	0	0	1	1	0	1	0	1
"h39"	"grassland"	917.605651855469	879.828644530589	19.0993333828521	12.5732952999842	6.04776794906958	15.340033700702	1.32902543405417	49.9009968887043	1	110.4448	5369.008	1	1	0	0	1	0	1	0	1	1
"h4"	"anthropogenic"	728.875484160338	726.854542630537	22.4830974741291	15.5674543365515	8.64495126400413	20.5318557125732	1.89219208809714	47.1158311992264	NA	59.3334000000001	1531.327815	1	1	0	0	0	1	0	0	0	1
"h40"	"grassland"	917.605651855469	879.828644530589	19.0993333828521	12.5732952999842	6.04776794906958	15.340033700702	1.32902543405417	49.9009968887043	1	110.4448	5369.008	1	1	0	0	1	0	1	1	0	1
"h41"	"grassland"	984.091125488281	983.667961591221	18.4484593636545	12.667315097616	6.88616941927274	13.6489614617751	1.27108201132414	45.886999391222	47.9085280607184	94.8285024999999	7760.169975	1	1	0	0	1	0	1	1	1	1
"h42"	"grassland"	984.091125488281	983.667961591221	18.4484593636545	12.667315097616	6.88616941927274	13.6489614617751	1.27108201132414	45.886999391222	47.9085280607184	94.8285024999999	7760.169975	1	1	0	1	1	1	1	1	1	1
"h43"	"grassland"	984.091125488281	983.667961591221	18.4484593636545	12.667315097616	6.88616941927274	13.6489614617751	1.27108201132414	45.886999391222	47.9085280607184	94.8285024999999	7760.169975	1	1	1	0	1	1	0	1	1	1
"h44"	"grassland"	1020.30206298828	1033.10130351792	19.2978212117878	13.3314130385286	7.35852515813854	14.2424055852522	1.28842569015029	48.7686103184319	NA	115.47604	5270.24615	1	1	1	0	0	1	0	1	0	1
"h45"	"grassland"	1020.30206298828	1033.10130351792	19.2978212117878	13.3314130385286	7.35852515813854	14.2424055852522	1.28842569015029	48.7686103184319	NA	115.47604	5270.24615	1	1	1	0	0	1	1	1	0	1
"h46"	"grassland"	984.091125488281	983.667961591221	18.4484593636545	12.667315097616	6.88616941927274	13.6489614617751	1.27108201132414	45.886999391222	47.9085280607184	94.8285024999999	7760.169975	1	0	1	0	1	0	0	1	0	1
"h47"	"grassland"	1020.30206298828	1033.10130351792	19.2978212117878	13.3314130385286	7.35852515813854	14.2424055852522	1.28842569015029	48.7686103184319	NA	115.47604	5270.24615	1	1	0	0	1	1	0	1	0	1
"h48"	"grassland"	941.469530447804	928.771581676443	16.2891960551058	10.6209790498256	4.95830592308779	11.5600553274223	0.769459978886222	52.0962706589222	30.1081749999983	115.18844	9787.72469499994	0	0	1	0	1	0	0	1	0	1
"h49"	"grassland"	941.469530447804	928.771581676443	16.2891960551058	10.6209790498256	4.95830592308779	11.5600553274223	0.769459978886222	52.0962706589222	30.1081749999983	115.18844	9787.72469499994	0	1	1	0	1	1	0	1	0	1
"h5"	"anthropogenic"	597.629516601562	611.93887026926	19.677260226631	12.284525725796	4.89306522353925	18.0057253525849	1.51999998092651	60.280968768673	2.28393750149546	125.50567	3858.1805125	0	0	0	0	1	0	0	1	1	1
"h50"	"grassland"	971.597493270696	956.537791036069	15.9084117468127	10.369923532374	4.83841188998276	11.1951523592752	0.83352219382979	43.3091671677588	76.7213000000019	142.27662	11739.4487400001	0	1	0	1	1	0	0	1	0	1
"h51"	"grassland"	971.597493270696	956.537791036069	15.9084117468127	10.369923532374	4.83841188998276	11.1951523592752	0.83352219382979	43.3091671677588	76.7213000000019	142.27662	11739.4487400001	0	1	1	0	1	1	0	1	0	1
"h52"	"grassland"	962.591247558594	960.870996781716	15.7396500569819	10.2287207011993	4.71174586245809	11.2511169933734	0.821664023878114	59.0182106914997	39.555448347811	74.2841575000005	8338.83114250005	1	1	0	0	1	0	0	1	0	1
"h53"	"grassland"	962.591247558594	960.870996781716	15.7396500569819	10.2287207011993	4.71174586245809	11.2511169933734	0.821664023878114	59.0182106914997	39.555448347811	74.2841575000005	8338.83114250005	1	1	0	0	0	0	0	1	0	1
"h54"	"grassland"	917.605651855469	879.828644530589	19.0993333828521	12.5732952999842	6.04776794906958	15.340033700702	1.32902543405417	49.9009968887043	1	110.4448	5369.008	1	1	1	0	1	0	1	1	0	1
"h55"	"grassland"	917.605651855469	879.828644530589	19.0993333828521	12.5732952999842	6.04776794906958	15.340033700702	1.32902543405417	49.9009968887043	1	110.4448	5369.008	1	1	0	0	1	0	0	1	0	1
"h56"	"grassland"	917.605651855469	879.828644530589	19.0993333828521	12.5732952999842	6.04776794906958	15.340033700702	1.32902543405417	49.9009968887043	1	110.4448	5369.008	1	0	0	0	0	0	0	0	0	1
"h57"	"grassland"	917.605651855469	879.828644530589	19.0993333828521	12.5732952999842	6.04776794906958	15.340033700702	1.32902543405417	49.9009968887043	1	110.4448	5369.008	1	1	0	1	0	0	0	1	1	1
"h58"	"grassland"	1020.30206298828	1033.10130351792	19.2978212117878	13.3314130385286	7.35852515813854	14.2424055852522	1.28842569015029	48.7686103184319	NA	115.47604	5270.24615	1	1	1	0	0	0	1	1	0	1
"h59"	"grassland"	1139.83251953125	1151.9426128882	19.5224069267051	13.6400238172515	7.76473062296346	13.8662394551991	1.18617967519448	62.7609496744537	2.33088438470162	92.26992	7023.497745	0	1	1	0	1	0	1	1	0	1
"h6"	"anthropogenic"	597.629516601562	611.93887026926	19.677260226631	12.284525725796	4.89306522353925	18.0057253525849	1.51999998092651	60.280968768673	2.28393750149546	125.50567	3858.1805125	0	1	0	0	1	1	1	1	1	1
"h60"	"grassland"	1139.83251953125	1151.9426128882	19.5224069267051	13.6400238172515	7.76473062296346	13.8662394551991	1.18617967519448	62.7609496744537	2.33088438470162	92.26992	7023.497745	0	1	0	0	1	0	0	1	1	1
"h61"	"grassland"	1144.43603515625	1150.87618581566	19.4992034361562	13.6290490234509	7.76639572214873	13.8390540246867	1.18950547883303	63.3291460450363	2	108.7137	6964.216805	0	1	0	0	1	0	0	1	1	1
"h62"	"grassland"	1144.43603515625	1150.87618581566	19.4992034361562	13.6290490234509	7.76639572214873	13.8390540246867	1.18950547883303	63.3291460450363	2	108.7137	6964.216805	0	1	0	0	1	0	0	1	0	1
"h63"	"grassland"	1133.09757395321	1184.61952522614	19.5469840696001	13.542491499425	7.53766539380445	14.1130148241377	1.1485073997751	46.5100382170296	4.2067404895539	145.8016	5405.2106575	1	1	0	0	1	0	0	1	0	1
"h64"	"grassland"	1133.09757395321	1184.61952522614	19.5469840696001	13.542491499425	7.53766539380445	14.1130148241377	1.1485073997751	46.5100382170296	4.2067404895539	145.8016	5405.2106575	1	1	0	0	0	0	0	1	0	1
"h65"	"grassland"	1147.94641113281	1126.7855402133	19.4081886060212	13.4272705387508	7.44950457252297	14.0113357024633	1.15387046088734	63.4017708753776	2	127.742835	5999.873165	0	1	0	1	1	0	0	1	1	1
"h66"	"grassland"	1147.94641113281	1126.7855402133	19.4081886060212	13.4272705387508	7.44950457252297	14.0113357024633	1.15387046088734	63.4017708753776	2	127.742835	5999.873165	0	1	0	1	1	0	0	1	0	0
"h67"	"grassland"	1021.611328125	1014.8182131567	16.2287278948949	10.4553140168556	4.68106736639919	11.2197593684593	0.860833504907134	46.1317848544598	NA	150	3054.00452750002	0	1	0	0	1	0	1	1	0	1
"h68"	"grassland"	1021.611328125	1014.8182131567	16.2287278948949	10.4553140168556	4.68106736639919	11.2197593684593	0.860833504907134	46.1317848544598	NA	150	3054.00452750002	0	0	0	0	0	0	0	1	0	1
"h69"	"anthropogenic"	979.234724918875	980.258072446629	16.3885403879212	10.7189483907709	5.04428135584795	11.4195666215139	0.769999980926514	55.2324678354454	70.3077134775194	144.423914999999	9163.1798000001	0	1	0	1	1	0	0	1	1	1
"h7"	"anthropogenic"	597.629516601562	611.93887026926	19.677260226631	12.284525725796	4.89306522353925	18.0057253525849	1.51999998092651	60.280968768673	2.28393750149546	125.50567	3858.1805125	0	1	0	0	1	1	1	1	1	1
"h70"	"anthropogenic"	979.234724918875	980.258072446629	16.3885403879212	10.7189483907709	5.04428135584795	11.4195666215139	0.769999980926514	55.2324678354454	70.3077134775194	144.423914999999	9163.1798000001	0	1	0	0	1	0	0	1	1	1
"h71"	"anthropogenic"	979.234724918875	980.258072446629	16.3885403879212	10.7189483907709	5.04428135584795	11.4195666215139	0.769999980926514	55.2324678354454	70.3077134775194	144.423914999999	9163.1798000001	0	1	0	0	1	0	1	1	1	1
"h72"	"anthropogenic"	1004.71533203125	976.316999600726	16.3040744676544	10.6440746202423	4.98407505534968	11.3433181131098	0.75	44.9117196968461	70.1327074999995	146.6456525	12034.160475	0	1	0	0	1	1	0	1	0	1
"h73"	"anthropogenic"	1004.71533203125	976.316999600726	16.3040744676544	10.6440746202423	4.98407505534968	11.3433181131098	0.75	44.9117196968461	70.1327074999995	146.6456525	12034.160475	0	1	0	1	1	1	0	1	1	1
"h74"	"anthropogenic"	1004.71533203125	976.316999600726	16.3040744676544	10.6440746202423	4.98407505534968	11.3433181131098	0.75	44.9117196968461	70.1327074999995	146.6456525	12034.160475	0	1	0	0	1	1	0	1	1	1
"h75"	"grassland"	894.334411621094	905.476299468657	22.088282517781	15.5947399536128	9.09375825061131	17.6694016130014	1.50637222281263	40.9333153824139	NA	86.6959500000001	3018.147775	1	0	1	0	0	0	0	1	0	1
"h76"	"grassland"	894.334411621094	905.476299468657	22.088282517781	15.5947399536128	9.09375825061131	17.6694016130014	1.50637222281263	40.9333153824139	NA	86.6959500000001	3018.147775	1	0	0	0	0	0	0	1	0	1
"h77"	"grassland"	894.334411621094	905.476299468657	22.088282517781	15.5947399536128	9.09375825061131	17.6694016130014	1.50637222281263	40.9333153824139	NA	86.6959500000001	3018.147775	1	0	0	0	1	0	1	1	0	1
"h78"	"grassland"	894.334411621094	905.476299468657	22.088282517781	15.5947399536128	9.09375825061131	17.6694016130014	1.50637222281263	40.9333153824139	NA	86.6959500000001	3018.147775	1	1	0	0	1	0	0	1	0	1
"h79"	"anthropogenic"	883.402770996094	904.795316641693	22.0828494574461	15.5550615440474	9.02992171976721	17.6611830771424	1.4585744404255	44.8683574197865	NA	116.161335	2926.24784999999	0	0	0	0	0	0	0	1	0	1
"h8"	"anthropogenic"	597.629516601562	611.93887026926	19.677260226631	12.284525725796	4.89306522353925	18.0057253525849	1.51999998092651	60.280968768673	2.28393750149546	125.50567	3858.1805125	0	1	0	0	1	0	1	1	1	1
"h80"	"anthropogenic"	883.402770996094	904.795316641693	22.0828494574461	15.5550615440474	9.02992171976721	17.6611830771424	1.4585744404255	44.8683574197865	NA	116.161335	2926.24784999999	0	1	0	0	1	0	0	1	0	1
"h81"	"anthropogenic"	883.402770996094	904.795316641693	22.0828494574461	15.5550615440474	9.02992171976721	17.6611830771424	1.4585744404255	44.8683574197865	NA	116.161335	2926.24784999999	0	1	0	1	1	1	0	1	1	1
"h9"	"anthropogenic"	1020.30206298828	1032.61397768351	19.2980025577713	13.3404196294058	7.37735551080842	14.2263216419257	1.2867422590253	56.8034265193177	NA	128.5293275	6441.49290000001	0	1	1	0	1	1	0	0	1	1
"h99"	"grassland"	904.076130259205	851.926922118054	18.8478278541793	12.62160108436	6.39317533783912	14.7445536255932	1.37000000476837	59.2682662259673	1	130.775106706434	6279.80419817737	0	0	0	0	1	0	0	1	0	1
